timestamp,SOC,SOH,terminal_voltage,battery_current,battery_temp,ambient_temp,internal_resistance,action_current,action_voltage,dT_dt,dV_dt,soc_delta,thermal_stress_index,aging_indicator,charging_efficiency,charging_time,cycle_degradation,over_temp_flag,over_voltage_flag,balancing_time
0,0.059934283060224657,0.8674208440300788,2.8,24.306688920937646,30.25384101087747,39.88038350146745,0.0894446859351205,24.15216133967586,2.8,0.10963076047135445,0.0,0.04723471397657631,0.0,0.21602824856816666,0.8639795163668953,2371,0.00042584071324009473,0,0,24.933030235651906
1,0.10716899703680097,0.9933878243432979,2.8,6.888177150647172,30.363471771348824,15.399988498320607,0.10825739271176191,8.014256239080591,2.8,0.9063465524234129,0.031064158907662787,0.05509424236929507,0.37408708182570544,0.08676024849668355,0.8531221070496441,3479,0.00094563088666993,0,0,26.837918428057986
2,0.1701227677988148,0.8970950076066029,2.8621283178153254,25.689530437017552,32.066534115724295,25.076428201660693,0.13356274829543965,25.343965450688117,2.883568876836976,0.9531901127424955,0.0,0.07170718394508717,0.17475264785159003,0.33850096782985756,0.8566080222201157,2839,0.00046749440706474866,0,0,10.002187975140489
3,0.2505833649269753,0.9832605508463022,2.8,15.691727145604228,32.269851996833815,35.45253179291533,0.07619526741246192,12.142470599854931,2.8,0.46833749793036716,-0.031064158907662787,0.06288876481684688,0.0,0.09251987944039033,0.8492517870365227,2725,0.0005670436692434744,0,0,14.369082282421795
4,0.29590029743250856,0.9404414314719192,2.8,19.90159827751488,33.00320911158503,10.61204832064619,0.07365919945734317,22.703029555739867,2.830186650809511,0.44782292109469424,0.000183141556592048,0.04531709668327483,0.559779019773471,0.16722869823322,0.829716038596399,3584,0.0006887537569598644,0,0,2.8042870092588226
5,0.34121755829352496,0.9740061039612231,2.800366283113184,7.241305780891976,33.1654978390232,28.134669467753785,0.11935193071080942,8.751002934489465,2.8317702179581965,0.47171602617375896,0.015570629934168911,0.0634507585855821,0.12577070928173545,0.10444490958872765,0.8340897461261026,1897,0.0006849155731725701,0,0,6.118238877140456
6,0.4228018146036728,0.9976019744815696,2.8311412598683376,13.433976958931991,33.94664116393255,18.31076346608873,0.09573199881545923,20.35088747103356,2.8,0.3848887705117896,0.006350949618014967,0.07346647544660301,0.3908969424460954,0.19482311352705287,0.8235440649552161,3439,0.0005466575163114759,0,0,12.072060815577718
7,0.488150509186731,0.8932608156728118,2.813068182349214,7.242522975371145,33.93527538004678,35.87004749319195,0.02923088142893651,4.195778836419509,2.8905591126656307,1.332948071934048,-0.015570629934168911,0.052979603432179584,0.0,0.012264631366941989,0.8799738463465654,4147,0.00046777450266279974,0,0,4.4876214094768
8,0.5287610214680319,0.9941703228111389,2.8,29.03859307202774,36.61253730780064,18.503834477922375,0.13597456203984057,31.506311835629184,2.8256804647207607,1.4346954895190969,-0.006534091174607015,0.05073085657651011,0.45271757074695673,0.4284056953340324,0.8206151883851925,2546,0.0009048057072758514,0,0,24.900031213478695
9,0.5896122223397512,0.9084222842353631,2.8,25.18154123315626,36.804666359084976,30.602671608457268,0.024001803290893218,21.246909335045256,2.8374849010722434,0.42094537171265856,0.0,0.05079142350773502,0.1550498687656927,0.05099641383991991,0.8690417554163654,3245,0.0004800479449371467,0,0,39.92894440510536
10,0.630343868483502,0.9078267857105383,2.8,16.490818858911506,37.45442805122596,30.226588973421908,0.11729152630726661,16.96285856193074,2.8,0.5290282071312156,0.0035388892355390222,0.040708525536172824,0.1806959769451013,0.1989599571263142,0.820810102079473,3130,0.00041166197911430386,0,0,5.830978134484764
11,0.6710292734120968,0.9010580656381758,2.807077778471078,10.590063708091778,37.86272277334741,16.644806465789202,0.11864323855156068,13.519583475281271,2.838196734394734,0.8966275241546029,0.01146873451135133,0.047762325179957765,0.5304479076889551,0.16040071673755335,0.8653487825400238,4121,0.0003708302023411963,0,0,33.206748081432075
12,0.7258685188434175,0.9312111411021378,2.8229374690227025,28.336377631246304,39.247683099535166,11.043975996050504,0.14390444108665096,22.119972282956844,2.879257141508806,0.7310162065464851,0.007897417500432491,0.03328682026908236,0.7050926775871165,0.31831622482311156,0.8694425626380019,2060,0.0001546393594586488,0,0,6.515017396075592
13,0.7376029139502616,0.873121756476773,2.822872613471943,13.614914893174294,39.32475518644038,22.27748721356192,0.0270374730923017,13.00011747044947,2.817942193521709,0.08199976257742847,-0.01146873451135133,0.0136180192282917,0.4261816993219615,0.03514903263040388,0.8730397113169491,3062,0.0006643231504474327,0,0,27.45673271426457
14,0.7531045573000009,0.9330567228037017,2.8,9.024610792184369,39.41168262469002,18.67579455897609,0.09759139190198383,7.334981590056508,2.900096122962418,0.24855459283530124,0.010065819724447644,0.027127946382459966,0.5183972016428483,0.07158310629490412,0.8291706711011674,2735,0.0001,0,0,26.43998891624265
15,0.7918588067151815,0.9312557218615006,2.843004252920838,19.07910971134887,39.82186437211098,34.26933248841126,0.07561927418151689,16.973237816463506,2.845207484666485,0.7479888438032027,0.009539747980108926,0.03424881350424608,0.13881329709249304,0.12835039241912446,0.8532855752866857,3597,0.0004988554318190159,0,0,36.303243522825575
16,0.8216021843084931,0.9642852718907304,2.8190794959602177,28.594353008620402,40.90766031229643,34.01092565366036,0.06298228413174047,29.749990965398464,2.8761187859828414,0.5598146008079397,0.005411064170212088,0.04301416212260856,0.17241836646590175,0.1873722383899438,0.8379871332591466,2131,0.000459027873145723,0,0,6.32993331985947
17,0.8778871309603986,0.9750474942906379,2.8538263812612623,5.095757262508064,40.94149357372686,23.710718565778762,0.0317414128388795,8.45781438177585,2.868476821624195,0.11029858800922909,0.003491313475400881,0.044062232570740656,0.4307693751987024,0.026846297800655967,0.832267756249491,1914,0.0009479930384462896,0,0,13.986889711112116
18,0.9097266494499744,0.9160662025468636,2.8260621229110194,10.95312108134997,41.12825748831489,28.19536675969657,0.0931450355572702,10.553284935662504,2.855338199553863,0.780902367215738,-0.0038729822366319056,0.026796722231434977,0.32332226821545795,0.09829861005782878,0.8508771019539948,2067,0.0001336697542572747,0,0,5.449630893478057
19,0.9314805754232686,0.8953499874027241,2.8460804167879985,28.46119101026019,42.503298308158335,28.127785479607756,0.08227529433769977,29.077650292940252,2.8,0.7113545469732223,0.0010426730718540167,0.05053345067586262,0.3593878207137645,0.2392372236500361,0.8662778562707799,3859,0.00031977934260312855,0,0,17.480566380568483
20,1.0107935508016996,0.8889002345975642,2.8281474690547275,9.277149171429052,42.55096658226133,34.814744452828705,0.033592079559633156,9.620075430606795,2.8467001559654954,0.07495558472277963,0.004547124122585622,0.062398724684350204,0.19340555323581565,0.03231583392346156,0.8380970044346711,1872,0.00047278070826367016,0,0,36.640540595182905
21,1.056278024791969,0.8791935755057307,2.8551746650331697,7.831086290995497,42.653209477603895,22.750072423695926,0.09962363592262084,7.836496810064739,2.8184259099703066,0.336356381658625,0.001513425135102997,0.04841751904201386,0.4975784263476992,0.07807003051146691,0.8565834204453,2815,0.00046049413250616634,0,0,31.697879740350533
22,1.1076285888857273,0.8586471373298538,2.8311743193249335,19.254680394995113,43.22367934557858,18.263400393715273,0.11593390563288201,15.986652481858794,2.8,1.348635114676302,-0.021152125837098357,0.036427800184744674,0.6240069737965828,0.18533950602174964,0.8318450009888778,1977,0.00039009108183799104,0,0,29.47020381692213
23,1.1291336251614583,0.9013671968252069,2.812870413358973,26.546095582370747,45.3504797069565,17.951047544216422,0.11974617913697427,29.871429387539425,2.900075572582272,1.4875358543313446,0.026677082938933117,0.030308690892613677,0.684985804068502,0.3576989534517774,0.8291351318165123,3799,0.0004838024181195665,0,0,22.255045184782677
24,1.1682459706709547,0.8905371538196175,2.8845284852027997,16.927745442348154,46.19875105424127,26.085768378466124,0.13769851447411557,17.813331546824664,2.8738399727996824,1.1169038438107535,0.015443601111967853,0.04566539865184682,0.5028245668943787,0.24528692918326556,0.8435119416010377,2571,0.00024808745422605176,0,0,35.57245820874987
25,1.220464422465152,0.9949626078799612,2.8437576155829087,29.86410641711312,47.584287394578006,23.474446081966377,0.07323119644554103,31.048750887120853,2.8,1.2286498783962365,-0.02492596442991668,0.03959929012287555,0.6027460328152907,0.22737371756034136,0.8447105243180618,2745,0.0005714385757989878,0,0,19.07878833317048
26,1.2474445509167058,0.9336563239375066,2.8346765563429663,21.979292488449822,48.656050811033744,23.203623129548085,0.1438994599208778,19.559763601373074,2.8167199749375227,0.5687832793724503,-0.021878807791454458,0.04224704440923366,0.6363106920371415,0.28146394184176293,0.8633556312119237,2199,0.0001,0,0,7.688055349824253
27,1.3049585112836193,0.9020915558545761,2.8,6.851872680261193,48.721853953322906,12.734120172691217,0.1325058226607492,5.474211486293472,2.8,0.5243000902078236,-0.017338278171483257,0.04775059328426867,0.8996933445157922,0.07253648964102391,0.8249695049156931,2069,0.0004948461288245486,0,0,33.82823847858961
28,1.3429457374852432,0.9370701401490544,2.8,29.820803292049384,49.70465099144939,31.55811222070587,0.058545204233112075,29.29240069891705,2.8716942234098135,0.5278271243510844,0.014100515269553249,0.0410766756028792,0.453663469268588,0.17149295813962534,0.8931726983167014,3655,0.00037992866114728533,0,0,12.62625646596562
29,1.3871118624893777,0.8708795052018543,2.8282010305391063,15.19735591950476,49.777508202025075,16.41210063945732,0.04070679485542961,10.594981839158205,2.8,0.0669230285960083,0.012158362078237062,0.04106599637977326,0.8341351890641938,0.04312877522236153,0.8141546758843228,3455,0.0007032575885513271,0,0,4.038074558929027
30,1.4250777302447897,0.9166065623803304,2.824316724156474,12.185063346137063,49.83849704864141,15.908608906261641,0.07660062149664175,7.120960370544029,2.850781720853657,0.23220184693534307,-0.012727490687133303,0.0625057157227954,0.8482472035594941,0.0545469990036629,0.8545613373530638,1858,0.0008510622141266609,0,0,6.789445165414072
31,1.5121232939349685,0.9439351482131596,2.8027460491648397,18.94697958944714,50.24191189589576,22.382749608321802,0.07224683203427566,17.144735797531435,2.870551384875356,0.379460027913737,0.0008893518620252117,0.06838780959771007,0.696479057189349,0.12386528474362868,0.844298485141885,2686,0.0004337895662499285,0,0,25.144238815377634
32,1.5618533494402098,0.9233346747688677,2.8260954278805244,12.607689795521608,50.59741710446888,16.833350248534042,0.09484350969305656,14.175252094848778,2.801087793819788,0.1984574622367461,0.03359127325426159,0.03928791846306168,0.8441016713983711,0.13444306594593106,0.83703317631712,2065,0.0007781451858282862,0,0,25.069114629004556
33,1.5906991308610918,0.9102668200981486,2.869928595673363,7.161437678003808,50.63882682036925,27.515748019240462,0.09584021020260725,5.2020255082139855,2.8965297172870024,0.010613971380387,0.008983373381714399,0.047648339831472875,0.5780769700282198,0.04985632181865531,0.846497364887213,3922,0.00043677674387391786,0,0,11.88696050111731
34,1.6571500291031556,0.9990772583349548,2.844062174643953,5.035708576979418,50.618645047229656,21.143900180034144,0.1174983079693968,1.979292984207277,2.8,0.141026262009472,-0.034964297836681535,0.04601701262132163,0.7368686216798878,0.023256357662005307,0.8634433516450469,3822,0.00030677469537418196,0,0,29.632845621947205
35,1.682733156103735,0.9820472143223391,2.8,16.239583823006555,50.9208793443882,23.467351677783704,0.08628569326672933,13.795526863293544,2.922288478455684,0.3413678219231997,-0.01154534673309393,0.03988019945033727,0.6863381916651123,0.11903565993790713,0.8665502842946242,2304,0.0008491807264371239,0,0,31.398325905182304
36,1.73691042800383,0.943510893723916,2.8209714811777653,25.921585555664805,51.301380691076055,26.115079648120865,0.03362694332229952,24.555558286228866,2.8677904879085965,0.6157058091033178,0.00015952196589519296,0.03249193471124978,0.6296575260738797,0.08257283667384405,0.8456487262748825,4001,0.0006041552889468014,0,0,36.979099793077495
37,1.7477170255262346,0.9354066041773424,2.80031904393179,19.307879640751914,52.15229096259483,16.106065674454143,0.1315778736219038,18.2463027522916,2.8,1.1548646273856136,-0.003903166203173436,0.017121438272218015,0.9011556322035172,0.24008097176080195,0.8566357606341922,3723,0.0005008877045219629,0,0,24.227624949773006
38,1.7711533045482661,0.9430990719736876,2.8131651487714184,29.98018247358602,53.61110994584728,14.672548685965893,0.060269395814074325,35.0,2.8,1.060863201884242,0.0064118767545195965,0.03868675186970694,0.9734640314970348,0.21094288534926015,0.8233941528737052,2285,0.0006374354950197297,0,0,31.618087837607767
39,1.8250905292656485,0.880196816173365,2.8131427974408294,12.171166141179999,54.27401736636332,36.41265708620814,0.14626866983985695,15.335028026641954,2.807442969798848,0.4029707968815366,-0.0005182390987104046,0.05935327815864533,0.44653400700387935,0.22430341514138452,0.8463146105390779,3363,0.0005548430070260335,0,0,30.617787831322083
40,1.8898598608655568,0.9092706614896477,2.8121286705739976,12.011376619001382,54.417051539610355,23.011711084942633,0.03532181412837012,15.085698955846567,2.8,0.28340590684552325,-0.0065713987204147895,0.05909834861185381,0.7851335113666931,0.05328542545149596,0.857887476907849,2953,0.0004861561184116964,0,0,11.79674384175333
41,1.9432872264893561,0.8559189299336348,2.8,8.993736505848606,54.840829180054364,22.362808288976176,0.14457265239022543,12.49947759866875,2.897647227699975,0.21698102970798416,0.005957664316119438,0.05055719998801722,0.8119505222769547,0.18070826299317472,0.8043397925515026,1865,0.00023471303453840073,0,0,13.788585261631056
42,1.9909742608415912,0.921331905623024,2.8240439992062365,9.10158970663338,54.851013599026324,11.068364508185244,0.031831534894727204,6.105127098631232,2.8,0.03300113863931742,0.005835550755799002,0.04583248022022468,1.0,0.01943355662768247,0.8516183045105424,3136,0.00044589265256774667,0,0,20.182331038609114
43,2.0349521869298055,0.9314536875936494,2.811671101511598,12.129664900251196,54.906831457333,24.939289077621797,0.05003469793311773,8.462571055289478,2.818411172676108,0.1378409778357259,-0.012021999603118338,0.03220374314043284,0.7491885594927801,0.04234221864889544,0.8466358941873577,2206,0.0006246510846916946,0,0,2.723480766111443
44,2.055381747122457,0.8841624604154814,2.8,24.82100113183818,55.126695554697775,26.625091648330002,0.026055392471250407,21.50039025723601,2.8,1.2201293808292881,0.03959592365240794,0.028016338012378572,0.7125400976591943,0.056020110643733266,0.875396278676195,2076,0.0004754457148626379,1,0,13.301115379993494
45,2.0909848629545627,0.994604327074827,2.8908629488164137,27.643919765911196,57.347090218991575,26.765226128639995,0.11166470906306934,31.64743816592471,2.8849924337991704,2.105142866754697,0.031253949425997796,0.03819517020645491,0.7645466022587895,0.35339019753894596,0.8533423319844995,4161,0.0006804651522260772,1,0,20.007549187081043
46,2.1317720875353667,0.9864181916405863,2.8625078988519954,29.377179242692034,59.33698128820717,31.21093507968653,0.13053883575433292,27.73560387604456,2.857077066105078,1.0230427505481643,-0.03565558355766374,0.05596483455259116,0.7031511552130161,0.36205734389222205,0.8595965674303898,3072,0.0005767310047733578,1,0,6.106633220683461
47,2.202914532059745,0.9583214853183859,2.8195517817010862,10.807241352411316,59.3931757200879,15.324455049730354,0.07642924063607745,7.053172805693455,2.813748241195062,0.9467504598030736,-0.015153155394931117,0.06400740515787384,1.0,0.053906864161418266,0.8445697763379223,3768,0.0003243727363829186,1,0,6.7984837354547665
48,2.2597868978511144,0.9300079943148044,2.832201588062133,27.032438640352293,61.23048220781332,17.566694026918565,0.14070786975551586,25.739450039692855,2.8758548913787383,1.0593476181182062,-0.0097758908505432,0.03580578134205736,1.0,0.36217431837637093,0.8626409695424211,2260,0.00023616560843357526,1,0,19.602995958018962
49,2.2745260947438597,0.9804953739471527,2.8,13.206377231933427,61.511870956324316,34.32191395691238,0.09673887932822796,12.490560636789544,2.8304492223246216,0.20789654704890026,0.02565210355501879,0.03561043814032061,0.6797489249852984,0.12083228381842978,0.8612457783580082,3467,0.0004685643000139664,1,0,29.776671200265383
50,2.3310077741317556,0.8695978515735194,2.8835057951721708,7.82101361292211,61.64627530191112,38.41511850530182,0.10190092760804802,8.626253434005797,2.90445137574081,1.0423759452381276,0.04507247332126085,0.04939001688978473,0.5807789199152324,0.08790232267073003,0.8238678394669373,3382,0.0003951543103790825,1,0,33.68245937498596
51,2.373306128523429,0.9685764691412327,2.8901449466425215,26.75062313800414,63.59662284680057,14.07798242101962,0.1299044962211001,27.50347620014027,2.8,1.1648194839027006,-0.022534117842766488,0.03937995719277709,1.0,0.3572825220108238,0.8562195269002845,2755,0.0005672643619243372,1,0,22.759928105180446
52,2.40976768851731,0.8687231220950272,2.838437559486638,20.902640866090465,63.97591426971652,24.929486635156547,0.05858402665673906,18.41809917446994,2.853427303194796,0.261981244041678,-0.012415505158421825,0.04934754288534893,0.9761606908639994,0.10790064130036107,0.8736448077971689,2506,0.00035637246824745403,1,0,20.040461526775783
53,2.472001214294127,0.9691315993824108,2.865313936325678,9.118272402026543,64.12058533488393,16.425287582187607,0.06605454377259136,11.175241579567675,2.8,0.3233241607057913,0.0012088703738981632,0.06642675811336818,1.0,0.0738175484086836,0.8696758350390641,1902,0.00037692153484902456,1,0,16.6026616014707
54,2.542621204744046,0.8913651352377036,2.840855300234434,15.745781437825064,64.6225625911281,11.802195050649473,0.13777374949530377,13.82820083657459,2.8731713083912256,0.4328938482318705,-0.03265696816283903,0.06962279641612157,1.0,0.19051630780289777,0.8505474495738642,4175,0.0007106139435189825,1,0,9.332061712629036
55,2.61124680712637,0.9815635871527284,2.8,12.18144237192669,64.98637303134767,19.76510014378406,0.1371252544850393,11.712613361811561,2.8737248683785257,1.1287001628822608,-0.00809376345503865,0.05092062595893565,1.0,0.1606095087923282,0.8564337874016059,4093,0.0005296405937255796,1,0,7.569356106945859
56,2.6444624566619175,0.9916063140738096,2.824667773324357,23.419864217754924,66.87996291689262,14.310628755526382,0.14694276090611322,25.48018642926499,2.8,1.22297022772851,0.020796866965593575,0.038515701009261605,1.0,0.3744128942318676,0.8682981640711354,3952,0.0003594545869145414,1,0,32.0920651631487
57,2.6882782091448933,0.8723193954107673,2.841593733931187,16.3354057656067,67.43231348680469,31.297992203027388,0.13723898113741725,14.409941553773677,2.8285046978140516,0.5546792948889987,6.222190108062797e-05,0.05022051055552357,0.9033580320944324,0.19776056970896308,0.82722290065386,2771,0.0005035283617470039,1,0,19.670252024068773
58,2.7449034777729646,0.9194013407598091,2.824792217126518,29.731998627659625,67.98932150667062,26.011762410143334,0.036558364684336916,28.02394435691621,2.8,0.35386707539437623,-0.00437576546491103,0.06306808558525923,1.0,0.10245095776937083,0.8594876607796338,3125,0.0007757822486003365,1,0,32.03216932823068
59,2.814414380315412,0.9971481067244028,2.832842203001365,6.368624556489878,68.14004763759344,14.315034129709327,0.12708415719780836,8.14362870556927,2.894613791789205,0.15603395242275298,0.00621671434301363,0.0549637088927708,1.0,0.10349261905791499,0.8105817782268062,1952,0.0005587573376549446,1,0,28.755155364223928
60,2.854830895558506,0.922511115395972,2.8372256458125453,13.875381653406167,68.30138941151613,10.277247652165432,0.07327900215424724,11.302182123591109,2.841977040076149,0.44829607512613734,0.0026735450435120267,0.04335166785490907,1.0,0.08282126281823274,0.8672471232894003,2756,0.0006185901618850259,1,0,9.368044746568396
61,2.90111771602523,0.9795321283771817,2.838189293088389,17.047504177749435,69.03663978784571,34.24471147072638,0.1488041762729719,15.893128106937223,2.9246057621167054,0.6590922517570661,0.0026739915670053183,0.03708006049330148,0.8697982079279833,0.23649638363536107,0.8423048799357857,2929,0.0003495530926945115,1,0,21.391676040026578
62,2.928991016545109,0.9383097283196979,2.842573628946556,17.578338868707995,69.61957391503026,15.285832184927425,0.08139652536274414,19.24556540283667,2.8632613390939254,0.6144677472733377,-0.014318254351699089,0.026974584019132886,1.0,0.15665221524323464,0.8482708515885399,2529,0.0007052838754269201,1,0,18.872631956061866
63,2.9550668840634957,0.9062994861879403,2.809552784384991,12.89839555964092,70.26557528239239,28.18649926662298,0.09199869072528868,19.060672883948847,2.821675293416782,0.87322122505077,-0.010892834906617521,0.04616319198313534,1.0,0.17535569496663064,0.8388926348635424,1873,0.0009636204520927604,1,0,18.107193231446477
64,3.02131740051138,0.8928675333288805,2.820787959133321,23.2310062274392,71.3660163651318,20.107657392302368,0.08887073898338381,25.04721974172744,2.824198298263463,1.0327214121125365,-0.0023560607704156133,0.0716876585096502,1.0,0.22259649279265173,0.8491790429659625,2655,0.0003417064714974293,1,0,22.617699869744925
65,3.098442201082796,0.8804834636629131,2.8048406628441596,26.868676837224367,72.33101810661746,27.56457814945107,0.06182581388157611,28.286596126194404,2.8457402678070265,0.7408847038827417,0.02630226766919086,0.06284229906990468,1.0,0.1748841827441407,0.8551076673077066,4132,0.0002636212051256021,1,0,39.31911224086664
66,3.1470019986511892,0.9642697287066546,2.8733924944717026,28.467982549446575,72.84778577289728,19.46960880946972,0.029752871556079363,30.060387300464765,2.8,0.9037343163753988,-0.002420331422079869,0.05931522776311682,1.0,0.08943828422767273,0.8650862793757311,3373,0.0005351084487670297,1,0,32.89022271148832
67,3.2170726566090297,0.9079810760234541,2.8,25.127334419988156,74.13848673936826,12.608186820767624,0.1364346599522494,21.907763597787007,2.804267197776025,1.5128356975368789,0.0035277455536724123,0.06365168922939657,1.0,0.29889782767783385,0.8759900153401318,2079,0.0006751010099688821,1,0,36.34107240195488
68,3.2743053771099824,0.9266913193301126,2.8804479855790475,26.264504932664984,75.87345716797104,16.68850025673261,0.1243478556284173,26.61129514870471,2.8769456633926493,0.9930508607941064,0.043975061833067874,0.04716516270442517,1.0,0.3309057487236335,0.8509709708936207,2586,0.0004817220655899477,1,0,3.1263041606894264
69,3.31140298201788,0.9238488220001773,2.8879501236661356,18.763632515499886,76.12458846095647,15.641756994372269,0.038138481472757,18.67433305049068,2.9242210650240237,0.9685089801637332,-0.02117628533536675,0.047162758509033065,1.0,0.07122107050622326,0.8167681952331665,2485,0.00028935872079146745,1,0,7.332781938115225
70,3.3686308941280485,0.9365918543849697,2.838095414908314,25.647205660670366,77.8104751282985,22.840580573189314,0.12097987527550948,26.611959281788636,2.828710334614612,1.0019783005278882,-0.043975061833067874,0.06899432171974396,1.0,0.3219511514747726,0.8761129273623238,3379,0.000478283167643922,1,0,5.221019088533413
71,3.449391625457368,0.9798365718436828,2.8,12.587597728698807,78.12854506201225,29.74851350278472,0.10136006658657931,12.93712188612642,2.8,0.33768079984529464,2.3359849059767512e-05,0.06502210527356023,1.0,0.13113075358164666,0.8205604144594114,2768,0.000619618454555491,1,0,12.002778192480513
72,3.498675104675169,0.9971109015375144,2.8381421346064335,14.96196905273036,78.4858367279891,17.914182248390727,0.0731886924292909,16.101068084981698,2.8385096683524185,0.24110076054523688,0.02409701342520787,0.06528817616704052,1.0,0.11784161198547974,0.8415548655655719,4138,0.00041859363461078816,1,0,18.791914694732718
73,3.579967977791449,0.9111376312860725,2.8481940268504156,12.922825345463608,78.61074658310272,10.362098059018539,0.05302274938242316,11.988423760766002,2.8,0.4238556951517083,-0.009153500443037865,0.041843887599037455,1.0,0.06356591885573827,0.8401928680695063,3833,0.0006214510035509843,1,0,26.398023410923802
74,3.582362879873244,0.9741278383159455,2.8198351337203578,16.684683386198138,79.33354811829251,25.568120927942708,0.13176474185529022,16.860510138313515,2.8,0.4297721039270854,-0.0062836828226062735,0.034416476084649705,1.0,0.2221620765923384,0.8502311584554284,2965,0.000732942157047982,1,0,21.031588118890877
75,3.6488009299607485,0.9646791691982076,2.835626661205203,12.139490405965908,79.4702907909569,28.172784680769162,0.1110244737082269,8.456004707794932,2.8719827852794775,0.7750167499999563,0.038939154222049854,0.05908949572613409,1.0,0.09388234723572214,0.8247303078987779,2567,0.0005480461251540895,1,0,36.32098876669931
76,3.700541871325512,0.9360293427183359,2.8977134421644575,29.04028605636117,80.88358161829242,38.88611482005429,0.09120618823098779,28.08056422235243,2.926666520799191,0.9839117541642537,0.01837250890213804,0.04788039717772308,1.0,0.2561121226096217,0.8237590224585256,4159,0.0004944104457443414,1,0,37.714526437966825
77,3.7445617243161946,0.99340707154179,2.872371679009479,12.821115700141704,81.4381142992854,27.684124092797404,0.09924390940680033,16.993616344671633,2.895726226209158,0.2892982222260585,-0.03615040421897198,0.0479275342606964,1.0,0.1686512921004513,0.8495695801083468,2445,0.0006658687850452564,1,0,8.213796145503439
78,3.796396939846905,0.8800711773292604,2.8254126337265135,7.4511134527734955,81.46217806274454,24.135176781344256,0.03183860367068353,8.407538471658263,2.8905590548238043,0.27399881227394474,-0.0335033081177869,0.031041918619346243,1.0,0.026768428524515175,0.8340441889135822,1825,0.0003287798345125539,1,0,34.41069097006183
79,3.806645561554887,0.8663896315464432,2.8053650627739053,18.170429151260336,81.98611192383329,27.202048776931115,0.08160956891845496,18.107666039111106,2.8,0.3223912884591016,0.009354188239183436,0.027927591975615895,1.0,0.1477758819571204,0.8769218710488654,3734,0.0003090580332614155,1,0,20.30544375250544
80,3.8522521237981366,0.9780942950433134,2.8441210102048804,6.427476961129409,82.10696063966274,37.83701889586081,0.04518103806214126,12.11584678989245,2.8,0.053510927148821,0.02148137754938939,0.051374406836742326,1.0,0.054740653496920276,0.8389823991359,4102,0.00044668554301420294,1,0,19.226519910060603
81,3.9093943752283717,0.9158724724950622,2.848327817872684,7.7635791577145135,82.09313377813093,34.85134436804938,0.0470898782711473,3.681074222811276,2.8448263290322817,0.04176066035288528,0.013305148500871944,0.0683500661625327,1.0,0.017334133705924112,0.8294335643591966,3558,0.00040162410903710655,1,0,31.82769524241359
82,3.988952256123202,0.977045328131059,2.8707313072066243,10.484734729906158,82.19048196036852,19.68936200091424,0.10596951509729267,7.156368063567498,2.8533562922213287,0.6968107694651025,-0.0039935516625531076,0.059596238264678636,1.0,0.07583568535539992,0.8834367171748878,2879,0.00033933160494190495,1,0,5.5393393437053104
83,4.028586851757729,0.9839635307793122,2.840340714547578,16.60875624705354,83.48675531706114,17.117630909714116,0.13846329973845745,21.74689048088236,2.8,0.8200337781203544,0.000743758885014767,0.0367323617883315,1.0,0.3011146215033821,0.8593987246615878,4140,0.0008660936949997549,1,0,35.53473884192757
84,4.062416979699865,0.8593686390428606,2.872218824976654,15.831273307725697,83.83054951660922,17.87900837098221,0.07248835936218505,15.969156115872499,2.868226367302264,0.44365032483923983,0.03757362619891147,0.03689749353522265,1.0,0.1157577927238201,0.9043390606867768,2436,0.0009343986418988583,1,0,27.492807472809357
85,4.102381838828174,0.9825197144479091,2.915487966945401,24.99229655006978,84.37405596673962,25.13263119145639,0.04700740549158475,24.2645474412004,2.8849077096351716,0.6766683930036521,0.00531793201661257,0.054136450741175235,1.0,0.11406134206383023,0.8115537162505433,2029,0.00042925899154888354,1,0,35.25994109100392
86,4.1706898811822155,0.9172478583054133,2.882854689009879,23.486866347102833,85.18388630261653,32.32148353685733,0.10433710184076506,19.889253371815904,2.8,0.7792271534458379,-0.028874456759034217,0.06244153227361737,1.0,0.2075187054591936,0.8541553175798381,3900,0.000518343789949673,1,0,39.79014795288967
87,4.227264903375409,0.9265648733506349,2.8577390534273324,15.657957349767532,85.9325102736313,25.096576215488863,0.1332543160255413,17.001046148952568,2.8356802188876444,0.6263964506456574,-0.01430791367563855,0.047989909058926195,1.0,0.22654627762973373,0.8597122516029904,1900,0.0004624314359872418,1,0,21.684169189575627
88,4.266669699300068,0.9439888766639816,2.854238861658602,13.342605189390747,86.43667920390784,12.033891874843377,0.11728144414592381,14.975984797973133,2.8,0.3625507762593827,-0.003931078390627896,0.04983507229346307,1.0,0.17564051246136902,0.8505564577125553,3290,0.0007214998480236313,1,0,5.543963520539301
89,4.326935047962335,0.9889573910095131,2.8498768966460766,12.911719601537465,86.65761182615006,31.707421013199426,0.13293843996975632,9.628236519032775,2.8614593002266226,0.6143271247840971,0.0212423190501263,0.05610344982461424,1.0,0.12799627425000543,0.8427599892201899,2603,0.0007611291123680095,1,0,8.327906791373687
90,4.378876598949296,0.8528674141644645,2.8967234997588545,24.349877182350227,87.66533345347604,34.17910386012862,0.08975210723140392,23.929050425698943,2.8639217618468216,0.5267819601488242,-0.0032104035209883364,0.060657225398809356,1.0,0.21476826997530032,0.8749123662443643,2668,0.00014454724026207068,1,0,14.297493217063778
91,4.448249498759954,0.9215265202476726,2.8434560896041,6.301810155531744,87.71117574644771,18.68493595359159,0.11774391176799483,5.295262659432545,2.8990376633111525,0.024831700692331538,-0.016293950186250683,0.052665918966555036,1.0,0.062348493936058326,0.8593279549849522,4114,0.0005952021600131251,1,0,5.935011801118963
92,4.4842084368824064,0.9531583063645841,2.864135599386353,5.320541237765146,87.7149968548607,29.923772178500514,0.03820839271666174,6.088472677021459,2.9443289027497466,0.294528023842183,0.010733510083819287,0.03970284759524878,1.0,0.02326307550883007,0.816215181540346,3618,0.0002386357317677703,1,0,32.98298939323526
93,4.5276551939504515,0.9584060436547343,2.8649231097717385,24.8886097981662,88.30023179413207,22.797757031631804,0.0652756999972149,21.530859071504267,2.898892178422334,0.5837707721418255,-0.007605871369134931,0.042802297002701106,1.0,0.14054418974338254,0.8326126349953747,1801,0.0008516544315750557,1,0,13.280978339245202
94,4.569813030887809,0.9538798647305662,2.8489238566480832,16.928659399726232,88.88253839914435,36.67358067182329,0.07064139138259792,20.684501763265704,2.8,0.38217365749518706,-0.020914738980654546,0.031443768987357235,1.0,0.14611819846128896,0.8267199017999329,1821,0.0005880496060420796,1,0,39.08367514475488
95,4.590542731925166,0.8701652694112183,2.8230936318104294,8.2720284638394,89.06457910912245,35.356766744822195,0.0864684470119845,11.019499808632212,2.8983534317543813,0.2172004481513241,0.012907945192488723,0.03832605328932459,1.0,0.09528390353012878,0.8475768390161857,4059,0.00033533009232747276,1,0,28.698474413410516
96,4.646465137466458,0.8949093382557521,2.8747397470330607,10.889148364862532,89.316939295447,25.762959949289268,0.14077992683338708,9.799621688664082,2.953525769551749,1.1401649907832478,0.020449928217324942,0.05557175549244464,1.0,0.13795900243250028,0.8689773049089368,3703,0.0004517357224124294,1,0,8.59035406971119
97,4.701686242910055,0.903807328812552,2.8639934882450793,28.312598827434563,91.34490909068894,30.745166374407834,0.13365855282888267,27.66334269251945,2.8649330138104765,1.2638992381298735,0.00339625310931857,0.05266168728822329,1.0,0.36974423506915965,0.8424150818445748,1813,0.00044220454834676835,1,0,20.08962058386973
98,4.751788512042904,0.9706655811519258,2.881532253251698,26.48757439062245,91.84473777170675,36.50049103066312,0.03748831399759399,26.0783079397896,2.9476785612684746,0.4156607623753601,-0.00642107133349934,0.0477052632326731,1.0,0.09776317965727808,0.8449375684742837,2318,0.0006050225885771631,1,0,19.741600422066202
99,4.797096769375401,0.8918139808621829,2.8511513455780806,22.744626255599314,92.17623061543966,24.871510302348266,0.04246265474472022,20.409700596579803,2.8235675886757465,0.32487751790662855,0.011277718338087439,0.03350042124574415,1.0,0.08666500698756785,0.830419557408484,3735,0.0007083825208354956,1,0,20.715443016678087
